"setting","fam","C","n","rep","events","p_HL","p_Spiegelhalter","p_belt","p_leCessie"
"external","slope",0.6,1000,161,427,2.13203097352305e-05,8.5992564570229e-09,2.40432823317427e-07,NA
"external","slope",0.6,1000,162,426,2.5181846628084e-07,9.26169499958253e-11,2.15897766331352e-09,NA
"external","slope",0.6,1000,163,450,5.25126452826794e-09,2.17338613945869e-13,1.91094917667556e-11,NA
"external","slope",0.6,1000,164,411,3.67231221473914e-09,3.90920356090807e-12,1.78582304499741e-09,NA
"external","slope",0.6,1000,165,445,1.34019544882241e-11,1.44280835110724e-15,1.43918210682159e-12,NA
"external","slope",0.6,1000,166,436,3.13793849735401e-05,9.39686796566317e-08,2.04531588854362e-06,NA
"external","slope",0.6,1000,167,457,5.54224194418184e-12,2.59013712440953e-15,1.41953115928573e-12,NA
"external","slope",0.6,1000,168,428,5.85375075538831e-05,2.57415670299912e-08,5.27191161614482e-07,NA
"external","slope",0.6,1000,169,429,1.449916407644e-12,4.06679169387018e-15,6.04072347698548e-13,NA
"external","slope",0.6,1000,170,425,0.00021770989173701,1.01854036167342e-05,4.85860522049242e-05,NA
"external","slope",0.6,1000,171,407,9.42345656110691e-10,5.30924520452214e-09,4.10022796826226e-08,NA
"external","slope",0.6,1000,172,417,9.00944373684081e-05,6.09265219406566e-08,1.68571687619856e-06,NA
"external","slope",0.6,1000,173,411,0.0129484373642996,5.4354682876502e-05,0.000323671202238307,NA
"external","slope",0.6,1000,174,432,3.2254684370521e-09,4.52150419018424e-13,1.67432956388325e-10,NA
"external","slope",0.6,1000,175,430,3.56486914689151e-12,1.16842159916635e-14,3.37507799486048e-13,NA
"external","slope",0.6,1000,176,434,1.01049296128207e-16,5.5813485113269e-19,6.21724893790088e-15,NA
"external","slope",0.6,1000,177,436,2.47919786913312e-10,1.11697200149232e-14,1.87083681879585e-12,NA
"external","slope",0.6,1000,178,400,2.1637589809724e-07,4.10404369895191e-10,2.39354647213474e-09,NA
"external","slope",0.6,1000,179,483,8.41184828578559e-13,2.31561245571537e-13,3.94129173741931e-13,NA
"external","slope",0.6,1000,180,419,4.68681409084299e-05,4.30008989090148e-08,6.70060593677135e-07,NA
