"setting","fam","C","track","n","s","rep","named_INTERCEPT","named_SLOPE","named_LINK","named_COV","secs"
"insample","null",0,"local",4000,0,61,FALSE,FALSE,TRUE,FALSE,24.81
"insample","null",0,"local",4000,0,62,FALSE,FALSE,FALSE,FALSE,23.08
"insample","null",0,"local",4000,0,63,FALSE,FALSE,FALSE,FALSE,24.39
"insample","null",0,"local",4000,0,64,FALSE,FALSE,FALSE,FALSE,24.21
"insample","null",0,"local",4000,0,65,FALSE,FALSE,FALSE,FALSE,20.6
"insample","null",0,"local",4000,0,66,FALSE,FALSE,FALSE,FALSE,20.47
"insample","null",0,"local",4000,0,67,FALSE,FALSE,FALSE,TRUE,21.48
"insample","null",0,"local",4000,0,68,FALSE,FALSE,FALSE,FALSE,22.09
"insample","null",0,"local",4000,0,69,FALSE,FALSE,FALSE,FALSE,18.31
"insample","null",0,"local",4000,0,70,FALSE,FALSE,FALSE,FALSE,20.87
"insample","null",0,"local",4000,0,71,FALSE,FALSE,FALSE,FALSE,20.5
"insample","null",0,"local",4000,0,72,FALSE,FALSE,FALSE,FALSE,20.4
"insample","null",0,"local",4000,0,73,FALSE,FALSE,FALSE,FALSE,16.33
"insample","null",0,"local",4000,0,74,FALSE,FALSE,FALSE,FALSE,20.88
"insample","null",0,"local",4000,0,75,FALSE,FALSE,FALSE,FALSE,21.57
"insample","null",0,"local",4000,0,76,FALSE,FALSE,FALSE,FALSE,20.16
"insample","null",0,"local",4000,0,77,FALSE,FALSE,FALSE,FALSE,21.03
"insample","null",0,"local",4000,0,78,FALSE,FALSE,FALSE,FALSE,22.06
"insample","null",0,"local",4000,0,79,FALSE,FALSE,FALSE,FALSE,20.26
"insample","null",0,"local",4000,0,80,FALSE,FALSE,FALSE,FALSE,19.08
