"setting","fam","C","n","rep","events","global_p","named_INTERCEPT","named_SLOPE","named_LINK","named_COV","p_LINK","p_COV","secs"
"insample","null",0,1000,401,420,0.515,FALSE,FALSE,FALSE,FALSE,0.73,0.315,8.78999999999996
"insample","null",0,1000,402,432,0.765,FALSE,FALSE,FALSE,FALSE,0.625,0.845,12.4200000000001
"insample","null",0,1000,403,398,0.855,FALSE,FALSE,FALSE,FALSE,0.89,0.62,13.75
"insample","null",0,1000,404,419,0.205,FALSE,FALSE,FALSE,FALSE,0.23,0.165,15.79
"insample","null",0,1000,405,396,0.52,FALSE,FALSE,FALSE,FALSE,0.375,0.605,14.3299999999999
"insample","null",0,1000,406,412,0.34,FALSE,FALSE,FALSE,FALSE,0.205,0.535,14.3899999999999
"insample","null",0,1000,407,398,0.64,FALSE,FALSE,FALSE,FALSE,0.8,0.43,12.4099999999999
"insample","null",0,1000,408,420,0.79,FALSE,FALSE,FALSE,FALSE,0.795,0.785,14.2600000000002
"insample","null",0,1000,409,387,0.925,FALSE,FALSE,FALSE,FALSE,0.95,0.235,16.5
"insample","null",0,1000,410,414,0.685,FALSE,FALSE,FALSE,FALSE,0.66,0.68,13.4699999999998
"insample","null",0,1000,411,423,0.53,FALSE,FALSE,FALSE,FALSE,0.715,0.34,15.4200000000001
"insample","null",0,1000,412,407,0.23,FALSE,FALSE,FALSE,FALSE,0.14,0.655,12.5900000000001
"insample","null",0,1000,413,401,0.215,FALSE,FALSE,FALSE,FALSE,0.16,0.445,12.5799999999999
"insample","null",0,1000,414,441,0.96,FALSE,FALSE,FALSE,FALSE,0.965,0.225,14.3600000000001
"insample","null",0,1000,415,437,0.855,FALSE,FALSE,FALSE,FALSE,0.9,0.665,14.52
"insample","null",0,1000,416,421,0.705,FALSE,FALSE,FALSE,FALSE,0.685,0.76,13.8400000000001
"insample","null",0,1000,417,413,0.58,FALSE,FALSE,FALSE,FALSE,0.29,0.795,13.3899999999999
"insample","null",0,1000,418,403,0.895,FALSE,FALSE,FALSE,FALSE,0.57,0.95,9.01999999999998
"insample","null",0,1000,419,382,0.28,FALSE,FALSE,FALSE,FALSE,0.175,0.615,12.5
"insample","null",0,1000,420,409,0.72,FALSE,FALSE,FALSE,FALSE,0.42,0.84,13.0500000000002
