"split","model","n_val","deaths","named_INTERCEPT","named_SLOPE","named_LINK","named_COV","any"
1,"B0",405,50,FALSE,FALSE,FALSE,FALSE,FALSE
1,"B3",405,50,FALSE,FALSE,FALSE,FALSE,FALSE
2,"B0",338,60,FALSE,FALSE,FALSE,TRUE,TRUE
2,"B3",338,60,FALSE,TRUE,TRUE,TRUE,TRUE
3,"B0",631,90,FALSE,FALSE,FALSE,TRUE,TRUE
3,"B3",631,90,FALSE,FALSE,FALSE,TRUE,TRUE
4,"B0",544,84,FALSE,FALSE,FALSE,TRUE,TRUE
4,"B3",544,84,FALSE,FALSE,FALSE,FALSE,FALSE
5,"B0",607,92,TRUE,TRUE,TRUE,TRUE,TRUE
5,"B3",607,92,FALSE,TRUE,FALSE,TRUE,TRUE
6,"B0",379,69,FALSE,TRUE,TRUE,TRUE,TRUE
6,"B3",379,69,FALSE,FALSE,FALSE,FALSE,FALSE
7,"B0",593,88,FALSE,FALSE,TRUE,TRUE,TRUE
7,"B3",593,88,FALSE,FALSE,TRUE,TRUE,TRUE
8,"B0",391,55,FALSE,FALSE,FALSE,FALSE,FALSE
8,"B3",391,55,FALSE,FALSE,FALSE,FALSE,FALSE
9,"B0",380,53,FALSE,FALSE,FALSE,FALSE,FALSE
9,"B3",380,53,FALSE,FALSE,FALSE,FALSE,FALSE
10,"B0",650,100,FALSE,TRUE,FALSE,TRUE,TRUE
10,"B3",650,100,FALSE,TRUE,FALSE,TRUE,TRUE
11,"B0",397,63,TRUE,TRUE,TRUE,TRUE,TRUE
11,"B3",397,63,TRUE,TRUE,FALSE,TRUE,TRUE
12,"B0",392,65,FALSE,TRUE,TRUE,TRUE,TRUE
12,"B3",392,65,FALSE,FALSE,FALSE,TRUE,TRUE
13,"B0",451,62,FALSE,FALSE,FALSE,FALSE,FALSE
13,"B3",451,62,FALSE,FALSE,FALSE,TRUE,TRUE
14,"B0",500,78,FALSE,FALSE,FALSE,FALSE,FALSE
14,"B3",500,78,FALSE,FALSE,FALSE,TRUE,TRUE
15,"B0",566,78,FALSE,FALSE,FALSE,TRUE,TRUE
15,"B3",566,78,FALSE,FALSE,FALSE,TRUE,TRUE
16,"B0",601,90,FALSE,FALSE,FALSE,FALSE,FALSE
16,"B3",601,90,FALSE,FALSE,FALSE,TRUE,TRUE
17,"B0",449,57,FALSE,FALSE,FALSE,TRUE,TRUE
17,"B3",449,57,FALSE,TRUE,FALSE,TRUE,TRUE
18,"B0",615,101,TRUE,TRUE,FALSE,TRUE,TRUE
18,"B3",615,101,TRUE,TRUE,FALSE,TRUE,TRUE
19,"B0",431,65,FALSE,TRUE,TRUE,TRUE,TRUE
19,"B3",431,65,FALSE,TRUE,FALSE,TRUE,TRUE
20,"B0",608,84,FALSE,FALSE,FALSE,TRUE,TRUE
20,"B3",608,84,FALSE,FALSE,FALSE,TRUE,TRUE
