setting,fam,C,n,rule,reps,wrong,right,own
external,cov_pure,1.0,500,closure,300,0.25666666666666665,1.0,1.0
external,cov_pure,1.0,500,naive,300,0.4633333333333333,1.0,1.0
external,cov_pure,1.0,500,Bonferroni,300,0.24666666666666667,1.0,1.0
external,cov_pure,1.0,500,Holm,300,0.29,1.0,1.0
external,cov_pure,1.0,1000,closure,300,0.44333333333333336,1.0,1.0
external,cov_pure,1.0,1000,naive,300,0.6566666666666666,1.0,1.0
external,cov_pure,1.0,1000,Bonferroni,300,0.44666666666666666,1.0,1.0
external,cov_pure,1.0,1000,Holm,300,0.49333333333333335,1.0,1.0
external,cov_pure,2.0,500,closure,300,0.9066666666666666,1.0,1.0
external,cov_pure,2.0,500,naive,300,0.97,1.0,1.0
external,cov_pure,2.0,500,Bonferroni,300,0.8933333333333333,1.0,1.0
external,cov_pure,2.0,500,Holm,300,0.9166666666666666,1.0,1.0
external,cov_pure,2.0,1000,closure,300,1.0,1.0,1.0
external,cov_pure,2.0,1000,naive,300,1.0,1.0,1.0
external,cov_pure,2.0,1000,Bonferroni,300,1.0,1.0,1.0
external,cov_pure,2.0,1000,Holm,300,1.0,1.0,1.0
external,intercept,0.2,500,closure,300,0.043333333333333335,0.19666666666666666,0.20666666666666667
external,intercept,0.2,500,naive,300,0.14,0.42333333333333334,0.49666666666666665
external,intercept,0.2,500,Bonferroni,300,0.03666666666666667,0.2833333333333333,0.2866666666666667
external,intercept,0.2,500,Holm,300,0.04,0.28,0.2866666666666667
external,intercept,0.2,1000,closure,300,0.05333333333333334,0.4666666666666667,0.49
external,intercept,0.2,1000,naive,300,0.11666666666666667,0.7033333333333334,0.7966666666666666
external,intercept,0.2,1000,Bonferroni,300,0.04,0.5766666666666667,0.5933333333333334
external,intercept,0.2,1000,Holm,300,0.043333333333333335,0.5733333333333334,0.5966666666666667
external,intercept,0.4,500,closure,300,0.04666666666666667,0.8066666666666666,0.8533333333333334
external,intercept,0.4,500,naive,300,0.13666666666666666,0.8333333333333334,0.9666666666666667
external,intercept,0.4,500,Bonferroni,300,0.03333333333333333,0.87,0.9
external,intercept,0.4,500,Holm,300,0.05,0.8533333333333334,0.9
external,intercept,0.4,1000,closure,300,0.07666666666666666,0.9233333333333333,1.0
external,intercept,0.4,1000,naive,300,0.20666666666666667,0.7933333333333333,1.0
external,intercept,0.4,1000,Bonferroni,300,0.07666666666666666,0.9233333333333333,1.0
external,intercept,0.4,1000,Holm,300,0.08333333333333333,0.9166666666666666,1.0
external,inter,1.0,500,closure,300,,1.0,1.0
external,inter,1.0,500,naive,300,,1.0,1.0
external,inter,1.0,500,Bonferroni,300,,0.9966666666666667,0.9966666666666667
external,inter,1.0,500,Holm,300,,1.0,1.0
external,inter,1.0,1000,closure,300,,1.0,1.0
external,inter,1.0,1000,naive,300,,1.0,1.0
external,inter,1.0,1000,Bonferroni,300,,1.0,1.0
external,inter,1.0,1000,Holm,300,,1.0,1.0
external,link,0.25,500,closure,300,,0.89,0.96
external,link,0.25,500,naive,300,,0.8733333333333333,0.9666666666666667
external,link,0.25,500,Bonferroni,300,,0.8933333333333333,0.9266666666666666
external,link,0.25,500,Holm,300,,0.8866666666666667,0.9366666666666666
external,link,0.25,1000,closure,300,,0.8833333333333333,1.0
external,link,0.25,1000,naive,300,,0.8733333333333333,1.0
external,link,0.25,1000,Bonferroni,300,,0.95,1.0
external,link,0.25,1000,Holm,300,,0.9166666666666666,1.0
external,link_pure,0.25,500,closure,300,0.16666666666666666,0.8233333333333334,0.8766666666666667
external,link_pure,0.25,500,naive,300,0.37,0.85,0.9466666666666667
external,link_pure,0.25,500,Bonferroni,300,0.14666666666666667,0.81,0.8266666666666667
external,link_pure,0.25,500,Holm,300,0.17333333333333334,0.8,0.83
external,link_pure,0.25,1000,closure,300,0.26666666666666666,0.9133333333333333,0.9933333333333333
external,link_pure,0.25,1000,naive,300,0.44666666666666666,0.9033333333333333,1.0
external,link_pure,0.25,1000,Bonferroni,300,0.26,0.9466666666666667,0.9866666666666667
external,link_pure,0.25,1000,Holm,300,0.2866666666666667,0.93,0.9866666666666667
external,link_pure,0.5,500,closure,300,0.9233333333333333,0.9,1.0
external,link_pure,0.5,500,naive,300,0.9833333333333333,0.8833333333333333,1.0
external,link_pure,0.5,500,Bonferroni,300,0.9133333333333333,0.96,1.0
external,link_pure,0.5,500,Holm,300,0.9366666666666666,0.94,1.0
external,link_pure,0.5,1000,closure,300,0.9966666666666667,0.93,1.0
external,link_pure,0.5,1000,naive,300,1.0,0.92,1.0
external,link_pure,0.5,1000,Bonferroni,300,0.9966666666666667,0.9666666666666667,1.0
external,link_pure,0.5,1000,Holm,300,0.9966666666666667,0.9566666666666667,1.0
external,null,0.0,500,closure,1000,0.037,0.963,
external,null,0.0,500,naive,1000,0.158,0.842,
external,null,0.0,500,Bonferroni,1000,0.032,0.968,
external,null,0.0,500,Holm,1000,0.032,0.968,
external,null,0.0,1000,closure,1000,0.051,0.949,
external,null,0.0,1000,naive,1000,0.184,0.816,
external,null,0.0,1000,Bonferroni,1000,0.043,0.957,
external,null,0.0,1000,Holm,1000,0.043,0.957,
external,slope,0.6,500,closure,300,,0.6833333333333333,0.93
external,slope,0.6,500,naive,300,,0.6066666666666667,0.99
external,slope,0.6,500,Bonferroni,300,,0.77,0.9566666666666667
external,slope,0.6,500,Holm,300,,0.7266666666666667,0.9566666666666667
external,slope,0.6,1000,closure,300,,0.6033333333333334,1.0
external,slope,0.6,1000,naive,300,,0.5033333333333333,1.0
external,slope,0.6,1000,Bonferroni,300,,0.7333333333333333,1.0
external,slope,0.6,1000,Holm,300,,0.65,1.0
external,slope,0.8,500,closure,300,,0.2833333333333333,0.35
external,slope,0.8,500,naive,300,,0.39,0.55
external,slope,0.8,500,Bonferroni,300,,0.35333333333333333,0.4
external,slope,0.8,500,Holm,300,,0.3466666666666667,0.4
external,slope,0.8,1000,closure,300,,0.44,0.54
external,slope,0.8,1000,naive,300,,0.5966666666666667,0.7533333333333333
external,slope,0.8,1000,Bonferroni,300,,0.53,0.5933333333333334
external,slope,0.8,1000,Holm,300,,0.5166666666666667,0.5933333333333334
external,slope_pure,0.6,500,closure,300,0.23333333333333334,0.7066666666666667,0.9366666666666666
external,slope_pure,0.6,500,naive,300,0.4066666666666667,0.6233333333333333,0.9933333333333333
external,slope_pure,0.6,500,Bonferroni,300,0.15666666666666668,0.8066666666666666,0.9633333333333334
external,slope_pure,0.6,500,Holm,300,0.19,0.7833333333333333,0.9633333333333334
external,slope_pure,0.6,1000,closure,300,0.31666666666666665,0.69,0.9966666666666667
external,slope_pure,0.6,1000,naive,300,0.4766666666666667,0.55,1.0
external,slope_pure,0.6,1000,Bonferroni,300,0.25,0.76,0.9966666666666667
external,slope_pure,0.6,1000,Holm,300,0.29,0.7133333333333334,0.9966666666666667
external,thresh,4.0,500,closure,300,,0.36,0.36
external,thresh,4.0,500,naive,300,,0.5566666666666666,0.5566666666666666
external,thresh,4.0,500,Bonferroni,300,,0.31666666666666665,0.31666666666666665
external,thresh,4.0,500,Holm,300,,0.33,0.33
external,thresh,4.0,1000,closure,300,,0.8733333333333333,0.8733333333333333
external,thresh,4.0,1000,naive,300,,0.95,0.95
external,thresh,4.0,1000,Bonferroni,300,,0.83,0.83
external,thresh,4.0,1000,Holm,300,,0.8433333333333334,0.8433333333333334
external,ushape,0.8,500,closure,300,,1.0,1.0
external,ushape,0.8,500,naive,300,,1.0,1.0
external,ushape,0.8,500,Bonferroni,300,,1.0,1.0
external,ushape,0.8,500,Holm,300,,1.0,1.0
external,ushape,0.8,1000,closure,300,,1.0,1.0
external,ushape,0.8,1000,naive,300,,1.0,1.0
external,ushape,0.8,1000,Bonferroni,300,,1.0,1.0
external,ushape,0.8,1000,Holm,300,,1.0,1.0
insample,cov_pure,1.0,500,closure,300,0.06666666666666667,1.0,1.0
insample,cov_pure,1.0,500,naive,300,0.06666666666666667,1.0,1.0
insample,cov_pure,1.0,500,Bonferroni,300,0.03333333333333333,1.0,1.0
insample,cov_pure,1.0,500,Holm,300,0.06666666666666667,1.0,1.0
insample,cov_pure,1.0,1000,closure,300,0.1,1.0,1.0
insample,cov_pure,1.0,1000,naive,300,0.1,1.0,1.0
insample,cov_pure,1.0,1000,Bonferroni,300,0.06333333333333334,1.0,1.0
insample,cov_pure,1.0,1000,Holm,300,0.1,1.0,1.0
insample,cov_pure,2.0,500,closure,300,0.16,1.0,1.0
insample,cov_pure,2.0,500,naive,300,0.16,1.0,1.0
insample,cov_pure,2.0,500,Bonferroni,300,0.11,1.0,1.0
insample,cov_pure,2.0,500,Holm,300,0.16,1.0,1.0
insample,cov_pure,2.0,1000,closure,300,0.28,1.0,1.0
insample,cov_pure,2.0,1000,naive,300,0.28,1.0,1.0
insample,cov_pure,2.0,1000,Bonferroni,300,0.19,1.0,1.0
insample,cov_pure,2.0,1000,Holm,300,0.28,1.0,1.0
insample,inter,1.0,500,closure,300,,0.9966666666666667,0.9966666666666667
insample,inter,1.0,500,naive,300,,0.9966666666666667,0.9966666666666667
insample,inter,1.0,500,Bonferroni,300,,0.9966666666666667,0.9966666666666667
insample,inter,1.0,500,Holm,300,,0.9966666666666667,0.9966666666666667
insample,inter,1.0,1000,closure,300,,1.0,1.0
insample,inter,1.0,1000,naive,300,,1.0,1.0
insample,inter,1.0,1000,Bonferroni,300,,1.0,1.0
insample,inter,1.0,1000,Holm,300,,1.0,1.0
insample,link,0.25,500,closure,300,,0.8366666666666667,0.9066666666666666
insample,link,0.25,500,naive,300,,0.8566666666666667,0.9266666666666666
insample,link,0.25,500,Bonferroni,300,,0.8566666666666667,0.9
insample,link,0.25,500,Holm,300,,0.83,0.9
insample,link,0.25,1000,closure,300,,0.8933333333333333,0.9966666666666667
insample,link,0.25,1000,naive,300,,0.8933333333333333,0.9966666666666667
insample,link,0.25,1000,Bonferroni,300,,0.9633333333333334,0.9966666666666667
insample,link,0.25,1000,Holm,300,,0.8933333333333333,0.9966666666666667
insample,link_pure,0.25,500,closure,300,0.06666666666666667,0.7666666666666667,0.8333333333333334
insample,link_pure,0.25,500,naive,300,0.06666666666666667,0.81,0.8766666666666667
insample,link_pure,0.25,500,Bonferroni,300,0.03,0.79,0.82
insample,link_pure,0.25,500,Holm,300,0.056666666666666664,0.7633333333333333,0.82
insample,link_pure,0.25,1000,closure,300,0.08,0.9033333333333333,0.9833333333333333
insample,link_pure,0.25,1000,naive,300,0.08,0.9133333333333333,0.9933333333333333
insample,link_pure,0.25,1000,Bonferroni,300,0.05333333333333334,0.9266666666666666,0.98
insample,link_pure,0.25,1000,Holm,300,0.08,0.9,0.98
insample,link_pure,0.5,500,closure,300,0.22666666666666666,0.7733333333333333,1.0
insample,link_pure,0.5,500,naive,300,0.22666666666666666,0.7733333333333333,1.0
insample,link_pure,0.5,500,Bonferroni,300,0.15333333333333332,0.8466666666666667,1.0
insample,link_pure,0.5,500,Holm,300,0.22666666666666666,0.7733333333333333,1.0
insample,link_pure,0.5,1000,closure,300,0.21666666666666667,0.7833333333333333,1.0
insample,link_pure,0.5,1000,naive,300,0.21666666666666667,0.7833333333333333,1.0
insample,link_pure,0.5,1000,Bonferroni,300,0.14666666666666667,0.8533333333333334,1.0
insample,link_pure,0.5,1000,Holm,300,0.21666666666666667,0.7833333333333333,1.0
insample,null,0.0,500,closure,1000,0.049,0.951,
insample,null,0.0,500,naive,1000,0.105,0.895,
insample,null,0.0,500,Bonferroni,1000,0.047,0.953,
insample,null,0.0,500,Holm,1000,0.047,0.953,
insample,null,0.0,1000,closure,1000,0.055,0.945,
insample,null,0.0,1000,naive,1000,0.1,0.9,
insample,null,0.0,1000,Bonferroni,1000,0.055,0.945,
insample,null,0.0,1000,Holm,1000,0.055,0.945,
insample,thresh,4.0,500,closure,300,,0.30333333333333334,0.30333333333333334
insample,thresh,4.0,500,naive,300,,0.43333333333333335,0.43333333333333335
insample,thresh,4.0,500,Bonferroni,300,,0.31666666666666665,0.31666666666666665
insample,thresh,4.0,500,Holm,300,,0.32,0.32
insample,thresh,4.0,1000,closure,300,,0.7833333333333333,0.7833333333333333
insample,thresh,4.0,1000,naive,300,,0.8466666666666667,0.8466666666666667
insample,thresh,4.0,1000,Bonferroni,300,,0.73,0.73
insample,thresh,4.0,1000,Holm,300,,0.7566666666666667,0.7566666666666667
insample,ushape,0.8,500,closure,300,,1.0,1.0
insample,ushape,0.8,500,naive,300,,1.0,1.0
insample,ushape,0.8,500,Bonferroni,300,,1.0,1.0
insample,ushape,0.8,500,Holm,300,,1.0,1.0
insample,ushape,0.8,1000,closure,300,,1.0,1.0
insample,ushape,0.8,1000,naive,300,,1.0,1.0
insample,ushape,0.8,1000,Bonferroni,300,,1.0,1.0
insample,ushape,0.8,1000,Holm,300,,1.0,1.0
