fam,C,reps,own,wrong,clipped,n_INTERCEPT,n_SLOPE,n_LINK,n_COV
cov_p,0.5,300,0.9966666666666667,0.05333333333333334,0.019316666666666666,0.02,0.013333333333333334,0.02,0.9966666666666667
cov_p,1.0,300,1.0,0.08,0.08451333333333333,0.0033333333333333335,0.03666666666666667,0.043333333333333335,1.0
cov_p,2.0,300,1.0,0.6666666666666666,0.2088266666666667,0.12333333333333334,0.6266666666666667,0.11,1.0
link_p,0.5,300,1.0,0.07333333333333333,0.03640333333333333,0.0,0.02666666666666667,1.0,0.05
link_p,1.0,300,1.0,0.4066666666666667,0.07088333333333334,0.03666666666666667,0.37333333333333335,1.0,0.02666666666666667
link_p,2.0,300,1.0,1.0,0.10597,0.5866666666666667,1.0,1.0,0.03666666666666667
slope_p,0.6,300,1.0,0.0033333333333333335,0.13851333333333335,0.0033333333333333335,1.0,0.0,0.0
slope_p,1.2,300,1.0,0.9333333333333333,0.3879,0.0,1.0,0.9333333333333333,0.0
slope_p,2.4,300,1.0,1.0,0.6183566666666667,0.0,1.0,1.0,0.0
