setting,fam,C,reps,any_def,right_def,any_rob,right_rob
external,inter,1.0,300,1.0,1.0,1.0,1.0
external,intercept,0.4,300,1.0,0.9233333333333333,1.0,0.9233333333333333
external,link,0.25,300,1.0,0.8833333333333333,1.0,0.8666666666666667
external,null,0.0,1000,0.051,0.949,0.046,0.954
external,slope,0.6,300,1.0,0.6033333333333334,1.0,0.6133333333333333
external,thresh,4.0,300,0.9566666666666667,0.8733333333333333,0.9666666666666667,0.8866666666666667
external,ushape,0.8,300,1.0,1.0,1.0,1.0
insample,inter,1.0,300,1.0,1.0,1.0,1.0
insample,link,0.25,300,0.9966666666666667,0.8933333333333333,0.9966666666666667,0.91
insample,null,0.0,1000,0.055,0.945,0.047,0.953
insample,thresh,4.0,300,0.8333333333333334,0.7833333333333333,0.79,0.72
insample,ushape,0.8,300,1.0,1.0,1.0,1.0
