setting,fam,C,n,reps,any_named,INTERCEPT,SLOPE,LINK,COV,right_action,wrong_group_named,secs_median
external,null,0.0,500,1000,0.037,0.006,0.003,0.019,0.011,0.963,0.037,0.23
external,null,0.0,1000,1000,0.051,0.002,0.009,0.023,0.02,0.949,0.051,0.349999999999994
external,intercept,0.2,500,300,0.24,0.20666666666666667,0.013333333333333334,0.03333333333333333,0.006666666666666667,0.19666666666666666,0.043333333333333335,0.215
external,intercept,0.2,1000,300,0.52,0.49,0.0,0.03666666666666667,0.02,0.4666666666666667,0.05333333333333334,0.27000000000001
external,intercept,0.4,500,300,0.8533333333333334,0.8533333333333334,0.016666666666666666,0.023333333333333334,0.013333333333333334,0.8066666666666666,0.04666666666666667,0.219999999999999
external,intercept,0.4,1000,300,1.0,1.0,0.02666666666666667,0.02,0.03333333333333333,0.9233333333333333,0.07666666666666666,0.299999999999983
external,slope,0.6,500,300,0.94,0.17,0.93,0.15,0.13333333333333333,0.6833333333333333,,0.190000000000005
external,slope,0.6,1000,300,1.0,0.37333333333333335,1.0,0.31666666666666665,0.13666666666666666,0.6033333333333334,,0.414999999999992
external,slope,0.8,500,300,0.41333333333333333,0.02,0.35,0.08333333333333333,0.05,0.2833333333333333,,0.20500000000000201
external,slope,0.8,1000,300,0.5766666666666667,0.04666666666666667,0.54,0.06666666666666667,0.05,0.44,,0.409999999999997
external,slope_pure,0.6,500,300,0.94,0.01,0.9366666666666666,0.18333333333333332,0.07666666666666666,0.7066666666666667,0.23333333333333334,0.140000000000001
external,slope_pure,0.6,1000,300,0.9966666666666667,0.013333333333333334,0.9966666666666667,0.26,0.09333333333333334,0.69,0.31666666666666665,0.45999999999999397
external,link,0.25,500,300,0.97,0.043333333333333335,0.7166666666666667,0.96,0.07333333333333333,0.89,,0.119999999999997
external,link,0.25,1000,300,1.0,0.1,0.9433333333333334,1.0,0.11666666666666667,0.8833333333333333,,0.400000000000006
external,link_pure,0.25,500,300,0.8833333333333333,0.016666666666666666,0.11666666666666667,0.8766666666666667,0.06,0.8233333333333334,0.16666666666666666,0.140000000000001
external,link_pure,0.25,1000,300,0.9933333333333333,0.013333333333333334,0.21666666666666667,0.9933333333333333,0.08,0.9133333333333333,0.26666666666666666,0.409999999999997
external,link_pure,0.5,500,300,1.0,0.06333333333333334,0.9166666666666666,1.0,0.1,0.9,0.9233333333333333,0.189999999999998
external,link_pure,0.5,1000,300,1.0,0.15333333333333332,0.9966666666666667,1.0,0.07,0.93,0.9966666666666667,0.310000000000002
external,ushape,0.8,500,300,1.0,0.02666666666666667,0.23666666666666666,0.29333333333333333,1.0,1.0,,0.22999999999999
external,ushape,0.8,1000,300,1.0,0.08333333333333333,0.5433333333333333,0.5533333333333333,1.0,1.0,,0.269999999999982
external,thresh,4.0,500,300,0.5,0.15666666666666668,0.03666666666666667,0.03333333333333333,0.36,0.36,,0.220000000000013
external,thresh,4.0,1000,300,0.9566666666666667,0.38666666666666666,0.21666666666666667,0.03333333333333333,0.8733333333333333,0.8733333333333333,,0.289999999999992
external,inter,1.0,500,300,1.0,0.013333333333333334,0.21,0.47,1.0,1.0,,0.209999999999994
external,inter,1.0,1000,300,1.0,0.02666666666666667,0.39,0.7066666666666667,1.0,1.0,,0.45999999999998
external,cov_pure,1.0,500,300,1.0,0.013333333333333334,0.19666666666666666,0.1,1.0,1.0,0.25666666666666665,0.21000000000000102
external,cov_pure,1.0,1000,300,1.0,0.06333333333333334,0.38666666666666666,0.1,1.0,1.0,0.44333333333333336,0.450000000000003
external,cov_pure,2.0,500,300,1.0,0.17333333333333334,0.8966666666666666,0.36,1.0,1.0,0.9066666666666666,0.22500000000000148
external,cov_pure,2.0,1000,300,1.0,0.4166666666666667,1.0,0.52,1.0,1.0,1.0,0.449999999999989
insample,null,0.0,500,1000,0.049,,,0.032,0.018,0.951,0.049,8.51999999999998
insample,null,0.0,1000,1000,0.055,,,0.039,0.024,0.945,0.055,9.960000000000035
insample,link,0.25,500,300,0.9066666666666666,,,0.9066666666666666,0.07,0.8366666666666667,,6.724999999999965
insample,link,0.25,1000,300,0.9966666666666667,,,0.9966666666666667,0.10333333333333333,0.8933333333333333,,7.294999999999845
insample,link_pure,0.25,500,300,0.8333333333333334,,,0.8333333333333334,0.06666666666666667,0.7666666666666667,0.06666666666666667,7.35500000000002
insample,link_pure,0.25,1000,300,0.9833333333333333,,,0.9833333333333333,0.08,0.9033333333333333,0.08,7.5
insample,link_pure,0.5,500,300,1.0,,,1.0,0.22666666666666666,0.7733333333333333,0.22666666666666666,7.344999999999915
insample,link_pure,0.5,1000,300,1.0,,,1.0,0.21666666666666667,0.7833333333333333,0.21666666666666667,7.21499999999992
insample,ushape,0.8,500,300,1.0,,,0.22333333333333333,1.0,1.0,,5.6099999999999
insample,ushape,0.8,1000,300,1.0,,,0.39666666666666667,1.0,1.0,,7.434999999999945
insample,thresh,4.0,500,300,0.36333333333333334,,,0.08666666666666667,0.30333333333333334,0.30333333333333334,,6.47000000000003
insample,thresh,4.0,1000,300,0.8333333333333334,,,0.25666666666666665,0.7833333333333333,0.7833333333333333,,7.575000000000275
insample,inter,1.0,500,300,0.9966666666666667,,,0.31333333333333335,0.9966666666666667,0.9966666666666667,,7.284999999999965
insample,inter,1.0,1000,300,1.0,,,0.58,1.0,1.0,,7.399999999999634
insample,cov_pure,1.0,500,300,1.0,,,0.06666666666666667,1.0,1.0,0.06666666666666667,8.52999999999975
insample,cov_pure,1.0,1000,300,1.0,,,0.1,1.0,1.0,0.1,7.25
insample,cov_pure,2.0,500,300,1.0,,,0.16,1.0,1.0,0.16,7.45499999999993
insample,cov_pure,2.0,1000,300,1.0,,,0.28,1.0,1.0,0.28,6.84999999999991
