"analysis","model","n","named","LINK","COV","INTERCEPT","SLOPE","observed","predicted","detect_delta","detect_slope"
"in-sample","M0",8873,"LINK + COV",0.005,0.005,NA,NA,NA,NA,NA,NA
"in-sample, de-aliased","M0",8873,"COV",0.065,0.005,NA,NA,NA,NA,NA,NA
"in-sample","M2",8873,"LINK + COV",0.005,0.005,NA,NA,NA,NA,NA,NA
"in-sample, de-aliased","M2",8873,"COV",0.22,0.005,NA,NA,NA,NA,NA,NA
"external random, montecarlo","M0",4437,"LINK + COV",0.001,0.001,0.324,0.319,0.259634888438134,0.2658837540838,0.0181944546268446,0.214472697077874
"external random, multiplier","M0",4437,"LINK + COV",0.008,0.001,0.321,0.357,0.259634888438134,0.2658837540838,0.0181944546268446,0.214472697077874
"external random, montecarlo","M2",4437,"LINK",0.005,0.079,0.324,0.167,0.259634888438134,0.266051541533066,0.0178217317289002,0.160569680822036
"external random, multiplier","M2",4437,"LINK",0.006,0.138,0.305,0.199,0.259634888438134,0.266051541533066,0.0178217317289002,0.160569680822036
"external transported, montecarlo","M0",4130,"INTERCEPT + SLOPE",0.463,0.083,0.001,0.001,0.104358353510896,0.400297463620686,0.0211375584687441,0.306326645975109
"external transported, multiplier","M0",4130,"INTERCEPT + SLOPE + COV",0.134,0.001,0.001,0.001,0.104358353510896,0.400297463620686,0.0211375584687441,0.306326645975109
"external transported, montecarlo","M2",4130,"INTERCEPT + SLOPE + LINK",0.001,0.954,0.001,0.001,0.104358353510896,0.376650310458473,0.0206985906324827,0.226172299386387
"external transported, multiplier","M2",4130,"INTERCEPT + SLOPE + LINK + COV",0.001,0.001,0.001,0.001,0.104358353510896,0.376650310458473,0.0206985906324827,0.226172299386387
"updated: intercept update, montecarlo","M0",2065,"COV",0.75,0.016,0.243,0.16,0.0997578692493947,0.107728144661152,NA,NA
"updated: intercept update, multiplier","M0",2065,"COV",0.791,0.008,0.237,0.171,0.0997578692493947,0.107728144661152,NA,NA
"updated: logistic recalibration, montecarlo","M0",2065,"COV",0.714,0.016,0.243,0.036,0.0997578692493947,0.107536107034412,NA,NA
"updated: logistic recalibration, multiplier","M0",2065,"COV",0.764,0.008,0.249,0.039,0.0997578692493947,0.107536107034412,NA,NA
"updated: flexible recalibration, montecarlo","M0",2065,"SLOPE + COV",0.744,0.017,0.225,0.007,0.0997578692493947,0.107573565132639,NA,NA
"updated: flexible recalibration, multiplier","M0",2065,"SLOPE + COV",0.726,0.006,0.252,0.004,0.0997578692493947,0.107573565132639,NA,NA
"updated: model revision, montecarlo","M0",2065,"none",0.082,0.24,0.183,0.067,0.0997578692493947,0.108514815751805,NA,NA
"updated: model revision, multiplier","M0",2065,"none",0.047,0.144,0.202,0.069,0.0997578692493947,0.108514815751805,NA,NA
"updated: intercept update, montecarlo","M2",2065,"SLOPE + COV",0.333,0.018,0.79,0.003,0.104116222760291,0.105817482545139,NA,NA
"updated: intercept update, multiplier","M2",2065,"SLOPE + COV",0.225,0.002,0.801,0.005,0.104116222760291,0.105817482545139,NA,NA
"updated: logistic recalibration, montecarlo","M2",2065,"SLOPE + COV",0.264,0.016,0.818,0.001,0.104116222760291,0.105928546414155,NA,NA
"updated: logistic recalibration, multiplier","M2",2065,"SLOPE + COV",0.254,0.002,0.789,0.001,0.104116222760291,0.105928546414155,NA,NA
"updated: flexible recalibration, montecarlo","M2",2065,"SLOPE",0.824,0.048,0.775,0.001,0.104116222760291,0.106162112243498,NA,NA
"updated: flexible recalibration, multiplier","M2",2065,"SLOPE + COV",0.85,0.002,0.763,0.002,0.104116222760291,0.106162112243498,NA,NA
"updated: model revision, montecarlo","M2",2065,"SLOPE + LINK",0.002,0.098,0.392,0.001,0.104116222760291,0.10994987428564,NA,NA
"updated: model revision, multiplier","M2",2065,"SLOPE",0.06,0.054,0.403,0.001,0.104116222760291,0.10994987428564,NA,NA
"external random, montecarlo","neural network",4437,"SLOPE + COV",0.952,0.001,0.316,0.001,0.259634888438134,0.265696350021436,0.0176171611200077,0.141949624088566
"external random, multiplier","neural network",4437,"SLOPE + COV",0.969,0.001,0.335,0.001,0.259634888438134,0.265696350021436,0.0176171611200077,0.141949624088566
"external transported, montecarlo","neural network",4130,"INTERCEPT + SLOPE",0.114,0.909,0.001,0.001,0.104358353510896,0.375539039893556,0.0205433435123561,0.197072207193368
"external transported, multiplier","neural network",4130,"INTERCEPT + SLOPE + COV",0.118,0.001,0.001,0.001,0.104358353510896,0.375539039893556,0.0205433435123561,0.197072207193368
