"setting","fam","C","n","rep","events","global_p","named_INTERCEPT","named_SLOPE","named_LINK","named_COV","p_INTERCEPT","p_SLOPE","p_LINK","p_COV","secs"
"external","link",0.25,200,161,71,0.053,FALSE,FALSE,FALSE,FALSE,0.126,0.044,0.04,0.507,0.0500000000000007
"external","link",0.25,200,162,78,0.001,FALSE,FALSE,TRUE,FALSE,0.77,0.172,0.001,0.475,0.0599999999999987
"external","link",0.25,200,163,81,0.003,FALSE,FALSE,TRUE,FALSE,0.379,0.591,0.003,0.752,0.0600000000000023
"external","link",0.25,200,164,92,0.448,FALSE,FALSE,FALSE,FALSE,0.127,0.469,0.906,0.102,0.0599999999999987
"external","link",0.25,200,165,92,0.149,FALSE,FALSE,FALSE,FALSE,0.195,0.325,0.087,0.56,0.0500000000000007
"external","link",0.25,200,166,86,0.002,FALSE,TRUE,TRUE,FALSE,0.469,0.002,0.002,0.494,0.0500000000000007
"external","link",0.25,200,167,72,0.246,FALSE,FALSE,FALSE,FALSE,0.197,0.381,0.163,0.34,0.0399999999999991
"external","link",0.25,200,168,79,0.086,FALSE,FALSE,FALSE,FALSE,0.554,0.383,0.05,0.203,0.0500000000000007
"external","link",0.25,200,169,84,0.002,FALSE,FALSE,TRUE,FALSE,0.699,0.95,0.002,0.575,0.0500000000000007
"external","link",0.25,200,170,85,0.001,FALSE,TRUE,TRUE,FALSE,0.539,0.002,0.001,0.152,0.0399999999999991
"external","link",0.25,200,171,84,0.805,FALSE,FALSE,FALSE,FALSE,0.994,0.059,0.413,0.235,0.0500000000000007
"external","link",0.25,200,172,89,0.005,FALSE,TRUE,TRUE,FALSE,0.045,0.001,0.003,0.147,0.0399999999999991
"external","link",0.25,200,173,85,0.041,FALSE,FALSE,TRUE,FALSE,0.518,0.066,0.024,0.584,0.0500000000000007
"external","link",0.25,200,174,83,0.001,FALSE,TRUE,TRUE,FALSE,0.948,0.008,0.001,0.283,0.0500000000000007
"external","link",0.25,200,175,80,0.14,FALSE,FALSE,FALSE,FALSE,0.466,0.142,0.091,0.133,0.0599999999999987
"external","link",0.25,200,176,93,0.057,FALSE,FALSE,FALSE,FALSE,0.046,0.019,0.054,0.085,0.0500000000000007
"external","link",0.25,200,177,83,0.001,FALSE,TRUE,TRUE,FALSE,0.912,0.003,0.001,0.129,0.0399999999999991
"external","link",0.25,200,178,81,0.019,FALSE,FALSE,TRUE,FALSE,0.929,0.038,0.012,0.859,0.0500000000000007
"external","link",0.25,200,179,83,0.031,FALSE,FALSE,TRUE,FALSE,0.875,0.099,0.02,0.478,0.0500000000000007
"external","link",0.25,200,180,87,0.021,FALSE,FALSE,FALSE,TRUE,0.979,0.03,0.275,0.001,0.0399999999999991
