"fam","n","rep","calibration","s","named_INTERCEPT","named_SLOPE","named_LINK","named_COV"
"cov_b",4000,361,"montecarlo",0.527049510208836,FALSE,FALSE,FALSE,TRUE
"cov_b",4000,361,"multiplier",0.527049510208836,FALSE,FALSE,FALSE,TRUE
"cov_b",4000,362,"montecarlo",0.658286113885451,FALSE,FALSE,FALSE,TRUE
"cov_b",4000,362,"multiplier",0.658286113885451,FALSE,FALSE,FALSE,TRUE
"cov_b",4000,363,"montecarlo",0.594290260171464,FALSE,FALSE,FALSE,TRUE
"cov_b",4000,363,"multiplier",0.594290260171464,FALSE,FALSE,FALSE,TRUE
"cov_b",4000,364,"montecarlo",0.643007600080969,FALSE,FALSE,FALSE,TRUE
"cov_b",4000,364,"multiplier",0.643007600080969,FALSE,FALSE,FALSE,TRUE
"cov_b",4000,365,"montecarlo",0.670167173199991,FALSE,FALSE,FALSE,TRUE
"cov_b",4000,365,"multiplier",0.670167173199991,FALSE,FALSE,FALSE,TRUE
"cov_b",4000,366,"montecarlo",0.639829241396669,FALSE,FALSE,FALSE,TRUE
"cov_b",4000,366,"multiplier",0.639829241396669,FALSE,FALSE,FALSE,TRUE
"cov_b",4000,367,"montecarlo",0.545688111036345,FALSE,FALSE,FALSE,TRUE
"cov_b",4000,367,"multiplier",0.545688111036345,FALSE,FALSE,FALSE,TRUE
"cov_b",4000,368,"montecarlo",0.707236780884952,FALSE,FALSE,FALSE,TRUE
"cov_b",4000,368,"multiplier",0.707236780884952,FALSE,FALSE,FALSE,TRUE
"cov_b",4000,369,"montecarlo",0.603690367664537,FALSE,FALSE,FALSE,TRUE
"cov_b",4000,369,"multiplier",0.603690367664537,FALSE,FALSE,FALSE,TRUE
"cov_b",4000,370,"montecarlo",0.646556148491904,FALSE,FALSE,FALSE,TRUE
"cov_b",4000,370,"multiplier",0.646556148491904,FALSE,FALSE,FALSE,TRUE
"cov_b",4000,371,"montecarlo",0.566286676113382,FALSE,FALSE,FALSE,TRUE
"cov_b",4000,371,"multiplier",0.566286676113382,FALSE,FALSE,FALSE,TRUE
"cov_b",4000,372,"montecarlo",0.627338095261628,FALSE,FALSE,FALSE,TRUE
"cov_b",4000,372,"multiplier",0.627338095261628,FALSE,FALSE,FALSE,TRUE
"cov_b",4000,373,"montecarlo",0.650818771621274,FALSE,FALSE,FALSE,TRUE
"cov_b",4000,373,"multiplier",0.650818771621274,FALSE,FALSE,FALSE,TRUE
"cov_b",4000,374,"montecarlo",0.574413029500354,FALSE,FALSE,FALSE,TRUE
"cov_b",4000,374,"multiplier",0.574413029500354,FALSE,FALSE,FALSE,TRUE
"cov_b",4000,375,"montecarlo",0.619303329043581,FALSE,TRUE,FALSE,TRUE
"cov_b",4000,375,"multiplier",0.619303329043581,FALSE,TRUE,FALSE,TRUE
"cov_b",4000,376,"montecarlo",0.480246028351215,FALSE,FALSE,FALSE,TRUE
"cov_b",4000,376,"multiplier",0.480246028351215,FALSE,FALSE,FALSE,TRUE
"cov_b",4000,377,"montecarlo",0.704618052514664,FALSE,FALSE,FALSE,TRUE
"cov_b",4000,377,"multiplier",0.704618052514664,FALSE,FALSE,FALSE,TRUE
"cov_b",4000,378,"montecarlo",0.618516369856806,FALSE,FALSE,FALSE,TRUE
"cov_b",4000,378,"multiplier",0.618516369856806,FALSE,FALSE,FALSE,TRUE
"cov_b",4000,379,"montecarlo",0.632931842291463,FALSE,FALSE,FALSE,TRUE
"cov_b",4000,379,"multiplier",0.632931842291463,FALSE,FALSE,FALSE,TRUE
"cov_b",4000,380,"montecarlo",0.598167260732411,FALSE,FALSE,FALSE,TRUE
"cov_b",4000,380,"multiplier",0.598167260732411,FALSE,FALSE,FALSE,TRUE
