"fam","C","rep","clipped","named_INTERCEPT","named_SLOPE","named_LINK","named_COV"
"slope_p",0.6,81,0.131,FALSE,TRUE,FALSE,FALSE
"slope_p",0.6,82,0.131,FALSE,TRUE,FALSE,FALSE
"slope_p",0.6,83,0.14,FALSE,TRUE,FALSE,FALSE
"slope_p",0.6,84,0.138,FALSE,TRUE,FALSE,FALSE
"slope_p",0.6,85,0.122,FALSE,TRUE,FALSE,FALSE
"slope_p",0.6,86,0.135,FALSE,TRUE,FALSE,FALSE
"slope_p",0.6,87,0.139,FALSE,TRUE,FALSE,FALSE
"slope_p",0.6,88,0.137,FALSE,TRUE,FALSE,FALSE
"slope_p",0.6,89,0.145,FALSE,TRUE,FALSE,FALSE
"slope_p",0.6,90,0.132,FALSE,TRUE,FALSE,FALSE
"slope_p",0.6,91,0.14,FALSE,TRUE,FALSE,FALSE
"slope_p",0.6,92,0.134,FALSE,TRUE,FALSE,FALSE
"slope_p",0.6,93,0.134,FALSE,TRUE,FALSE,FALSE
"slope_p",0.6,94,0.131,FALSE,TRUE,FALSE,FALSE
"slope_p",0.6,95,0.134,FALSE,TRUE,FALSE,FALSE
"slope_p",0.6,96,0.136,FALSE,TRUE,FALSE,FALSE
"slope_p",0.6,97,0.122,FALSE,TRUE,FALSE,FALSE
"slope_p",0.6,98,0.136,TRUE,TRUE,FALSE,FALSE
"slope_p",0.6,99,0.141,FALSE,TRUE,FALSE,FALSE
"slope_p",0.6,100,0.139,FALSE,TRUE,FALSE,FALSE
