"setting","fam","C","n","rep","events","global_p","named_INTERCEPT","named_SLOPE","named_LINK","named_COV"
"external","ushape",0.8,1000,281,376,0.001,FALSE,FALSE,TRUE,TRUE
"external","ushape",0.8,1000,282,367,0.001,TRUE,FALSE,FALSE,TRUE
"external","ushape",0.8,1000,283,405,0.001,FALSE,FALSE,FALSE,TRUE
"external","ushape",0.8,1000,284,379,0.001,FALSE,TRUE,FALSE,TRUE
"external","ushape",0.8,1000,285,380,0.001,FALSE,FALSE,FALSE,TRUE
"external","ushape",0.8,1000,286,392,0.001,FALSE,TRUE,FALSE,TRUE
"external","ushape",0.8,1000,287,392,0.001,FALSE,FALSE,FALSE,TRUE
"external","ushape",0.8,1000,288,391,0.001,FALSE,FALSE,TRUE,TRUE
"external","ushape",0.8,1000,289,406,0.001,FALSE,FALSE,FALSE,TRUE
"external","ushape",0.8,1000,290,407,0.001,FALSE,TRUE,TRUE,TRUE
"external","ushape",0.8,1000,291,390,0.001,FALSE,TRUE,TRUE,TRUE
"external","ushape",0.8,1000,292,397,0.001,FALSE,TRUE,FALSE,TRUE
"external","ushape",0.8,1000,293,403,0.001,FALSE,TRUE,FALSE,TRUE
"external","ushape",0.8,1000,294,414,0.001,FALSE,TRUE,FALSE,TRUE
"external","ushape",0.8,1000,295,376,0.001,FALSE,FALSE,FALSE,TRUE
"external","ushape",0.8,1000,296,384,0.001,FALSE,TRUE,TRUE,TRUE
"external","ushape",0.8,1000,297,421,0.001,FALSE,FALSE,FALSE,TRUE
"external","ushape",0.8,1000,298,410,0.001,FALSE,FALSE,FALSE,TRUE
"external","ushape",0.8,1000,299,416,0.001,FALSE,TRUE,FALSE,TRUE
"external","ushape",0.8,1000,300,353,0.001,TRUE,FALSE,FALSE,TRUE
