"fam","n","rep","dealias","named_LINK","named_COV"
"cov",1000,111,FALSE,FALSE,FALSE
"cov",1000,111,TRUE,FALSE,FALSE
"cov",1000,112,FALSE,FALSE,TRUE
"cov",1000,112,TRUE,FALSE,TRUE
"cov",1000,113,FALSE,FALSE,FALSE
"cov",1000,113,TRUE,FALSE,FALSE
"cov",1000,114,FALSE,FALSE,FALSE
"cov",1000,114,TRUE,FALSE,FALSE
"cov",1000,115,FALSE,FALSE,TRUE
"cov",1000,115,TRUE,FALSE,TRUE
"cov",1000,116,FALSE,FALSE,FALSE
"cov",1000,116,TRUE,FALSE,FALSE
"cov",1000,117,FALSE,FALSE,TRUE
"cov",1000,117,TRUE,FALSE,TRUE
"cov",1000,118,FALSE,FALSE,FALSE
"cov",1000,118,TRUE,FALSE,FALSE
"cov",1000,119,FALSE,FALSE,TRUE
"cov",1000,119,TRUE,FALSE,TRUE
"cov",1000,120,FALSE,FALSE,FALSE
"cov",1000,120,TRUE,FALSE,FALSE
