"truth","stat","max_abs","mean"
"logit","logit_sum",1.91348752177564e-06,-6.1656186483561e-08
"logit","logit_sum_eta",5.08361989033082e-06,2.83211994464817e-07
"logit","logit_recal_a",6.65035523764649e-09,-9.76739671204441e-12
"logit","logit_recal_b",3.52572286921315e-08,-1.70643791874703e-10
"logit","probit_sum",2.26731675187987,-0.085932774570503
"logit","probit_sum_eta",2.73715748645681,0.330134076996906
"logit","probit_recal_a",0.0110546698892691,9.83992496631615e-05
"logit","probit_recal_b",0.0192799204526972,0.00203136341125731
"curved","logit_sum",3.4532515735819e-11,8.15181221136552e-13
"curved","logit_sum_eta",9.91428432406405e-11,6.14954123989145e-11
"curved","logit_recal_a",1.87938179165798e-15,-1.28597193528456e-17
"curved","logit_recal_b",8.43769498715119e-15,-2.37032615757471e-16
"curved","probit_sum",3.92584373528985,-2.69290267349657
"curved","probit_sum_eta",2.93631912462929,0.677459357844929
"curved","probit_recal_a",0.0185251667923766,-0.0119590178402051
"curved","probit_recal_b",0.02576330416755,0.00895821455100066
"inter","logit_sum",2.15353153953934e-06,-1.68516485336669e-07
"inter","logit_sum_eta",4.51140144424982e-06,4.5618316903063e-07
"inter","logit_recal_a",1.96059484722899e-10,-6.49368929649781e-13
"inter","logit_recal_b",2.87791479536281e-09,2.454893899273e-10
"inter","probit_sum",4.1781264271786,2.20506426886355
"inter","probit_sum_eta",1.75892395780029,-0.0726761714378616
"inter","probit_recal_a",0.022191248168665,0.0111992764922693
"inter","probit_recal_b",0.0172163011623252,0.00355591862496781
