setting,fam,track,n,reps,own_all,wrong,se_wrong
external,combo,fixed,500,400,1.0,1.0,0.0
external,combo,fixed,2000,400,1.0,1.0,0.0
external,combo,fixed,8000,400,1.0,1.0,0.0
external,combo,local,500,400,1.0,1.0,0.0
external,combo,local,2000,400,1.0,1.0,0.0
external,combo,local,8000,400,1.0,1.0,0.0
external,cov_mod,local,1000,400,1.0,0.1675,0.018671083926756905
external,cov_mod,local,4000,400,1.0,0.0825,0.01375624858019075
external,cov_mod,local,16000,400,1.0,0.0625,0.012103072956898178
external,cov_mod,local,32000,200,1.0,0.065,0.017432010784760317
external,cov_pure,fixed,500,400,1.0,0.945,0.011399013115178002
external,cov_pure,fixed,2000,400,1.0,1.0,0.0
external,cov_pure,fixed,8000,400,1.0,1.0,0.0
external,cov_pure,local,500,400,1.0,0.9975,0.002496873044429746
external,cov_pure,local,2000,400,1.0,0.9975,0.002496873044429746
external,cov_pure,local,8000,400,1.0,0.8625,0.017218721642444885
external,link_mod,local,1000,400,0.9,0.1175,0.01610075696978251
external,link_mod,local,4000,400,0.8975,0.075,0.013169567191065924
external,link_mod,local,16000,400,0.8525,0.05,0.010897247358851683
external,link_mod,local,32000,200,0.82,0.07,0.01804161855266872
external,link_pure,fixed,500,400,1.0,0.9125,0.014128318194321646
external,link_pure,fixed,2000,400,1.0,1.0,0.0
external,link_pure,fixed,8000,400,1.0,1.0,0.0
external,link_pure,local,500,400,1.0,1.0,0.0
external,link_pure,local,2000,400,1.0,0.985,0.006077622890571612
external,link_pure,local,8000,400,1.0,0.405,0.024544602257930356
external,null,local,500,400,,0.0475,0.010635289135702893
external,null,local,2000,400,,0.035,0.009188987974744553
external,null,local,8000,400,,0.0475,0.010635289135702893
external,slope_mod,local,1000,400,0.82,0.15,0.017853571071357127
external,slope_mod,local,4000,400,0.7675,0.0875,0.014128318194321643
external,slope_mod,local,16000,400,0.7025,0.085,0.013944084767384343
external,slope_mod,local,32000,200,0.715,0.055,0.016120638945153507
external,slope_pure,fixed,500,400,0.9475,0.2775,0.02238826422481207
external,slope_pure,fixed,2000,400,1.0,0.4,0.02449489742783178
external,slope_pure,fixed,8000,400,1.0,0.735,0.02206666037260736
external,slope_pure,local,500,400,1.0,0.52,0.024979991993593593
external,slope_pure,local,2000,400,0.9975,0.205,0.020185081124434453
external,slope_pure,local,8000,400,0.995,0.095,0.01466074691139575
insample,combo,local,500,200,0.865,0.0,0.0
insample,combo,local,2000,200,1.0,0.0,0.0
insample,combo,local,4000,200,1.0,0.0,0.0
insample,cov_pure,local,500,200,1.0,0.305,0.03255572146336186
insample,cov_pure,local,2000,200,1.0,0.145,0.02489728900904675
insample,cov_pure,local,4000,200,1.0,0.195,0.028015620642777128
insample,link_pure,local,500,200,1.0,0.435,0.03505531343462785
insample,link_pure,local,2000,200,1.0,0.155,0.02559052559053839
insample,link_pure,local,4000,200,1.0,0.06,0.016792855623746664
insample,null,local,500,200,,0.05,0.015411035007422441
insample,null,local,2000,200,,0.06,0.016792855623746664
insample,null,local,4000,200,,0.055,0.016120638945153507
