fam,n,calibration,reps,own,wrong,se
cov_b,1000,montecarlo,400,0.6275,0.045,0.01036520622081394
cov_b,1000,multiplier,400,0.6775,0.08,0.013564659966250536
cov_b,4000,montecarlo,400,0.9925,0.0375,0.009499177595981664
cov_b,4000,multiplier,400,0.9925,0.0575,0.011639775556255371
cov_b,16000,montecarlo,200,1.0,0.07,0.01804161855266872
cov_b,16000,multiplier,200,1.0,0.07,0.01804161855266872
link_b,1000,montecarlo,400,0.09,0.0425,0.010086345968684596
link_b,1000,multiplier,400,0.0275,0.055,0.011399013115177999
link_b,4000,montecarlo,400,0.1575,0.0325,0.008866192813152667
link_b,4000,multiplier,400,0.0775,0.0375,0.009499177595981664
link_b,16000,montecarlo,200,0.36,0.065,0.017432010784760317
link_b,16000,multiplier,200,0.31,0.055,0.016120638945153507
null,1000,montecarlo,400,,0.045,0.01036520622081394
null,1000,multiplier,400,,0.09,0.014309088021254185
null,4000,montecarlo,400,,0.055,0.011399013115177999
null,4000,multiplier,400,,0.07,0.012757350822173075
transport,1000,montecarlo,400,0.9225,0.0025,0.0024968730444297725
transport,1000,multiplier,400,0.9825,0.12,0.01624807680927192
transport,4000,montecarlo,400,1.0,0.0,0.0
transport,4000,multiplier,400,1.0,0.085,0.013944084767384343
